23;Maria da Silva Freitas;123456
23;Maria da Silva Freitas;123456
23;Maria da Silva Freitas;123456
23;Maria da Silva Freitas;123456
23;Maria da Silva Freitas;123456
23;Maria da Silva Freitas;123456
23;Maria da Silva Freitas;123456
23;Maria da Silva Freitas;123456
23;Maria da Silva Freitas;123456
23;Maria da Silva Freitas;123456
1;Wanderlei Silva do Carmo;wander.silva@gmail.com
23;Maria da Silva Freitas;mfreitas@mar.com
23;Maria AndrÃ©a da Costa Silveira;mfreitas@mar.com
1;Wanderlei Silva do Carmo das Candongas;wander.silva@gmail.com
1;Wanderlei Silva do Carmo das Candongas;wander.silva@gmail.com
1;Wanderlei Silva do Carmo das Candongas;wander.silva@gmail.com
28;Milena Ceribelli;milena.ceribelli@r7.com
2;Wanderlei Silva do Carmo;wander.silva@gmail.com
